{
  "bootstrap": {
    "success": true,
    "response_time_ms": 432.2481155395508,
    "symbols_received": [
      "nifty",
      "banknifty",
      "sensex",
      "finnifty"
    ],
    "error": null
  },
  "websocket": {
    "connected": true,
    "connection_time_ms": 215.8222198486328,
    "total_messages": 313,
    "events_by_type": {
      "snapshot": 2,
      "tick": 260,
      "ping": 11,
      "option_chain_ltp": 40
    },
    "symbols_seen": [
      "banknifty",
      "finnifty",
      "sensex",
      "nifty"
    ],
    "tick_intervals_ms": [
      4072.16477394104,
      0.6971359252929688,
      0.12803077697753906,
      652.7118682861328,
      0.1621246337890625,
      0.1289844512939453,
      0.0858306884765625,
      0.07414817810058594,
      12315.538883209229,
      0.4410743713378906,
      0.031948089599609375,
      0.026226043701171875,
      0.029802322387695312,
      511.36302947998047,
      0.06198883056640625,
      0.030040740966796875,
      0.0400543212890625,
      0.03981590270996094,
      15460.783243179321,
      0.3349781036376953,
      0.1468658447265625,
      0.029087066650390625,
      0.03600120544433594,
      554.8899173736572,
      1.0790824890136719,
      0.38886070251464844,
      10104.344129562378,
      0.5159378051757812,
      0.20694732666015625,
      4.742860794067383,
      561.1121654510498,
      0.080108642578125,
      0.03790855407714844,
      0.08392333984375,
      11197.792053222656,
      0.03981590270996094,
      0.029325485229492188,
      0.026941299438476562,
      0.03600120544433594,
      526.1688232421875,
      0.23436546325683594,
      10328.162670135498,
      0.49996376037597656,
      0.09608268737792969,
      866.5480613708496,
      0.08416175842285156,
      0.03981590270996094,
      9247.620820999146,
      0.1342296600341797,
      0.03886222839355469,
      0.0400543212890625,
      617.0022487640381,
      0.2617835998535156,
      12178.863048553467,
      0.202178955078125,
      1.52587890625,
      0.10776519775390625,
      0.08702278137207031,
      0.08511543273925781,
      0.09107589721679688,
      0.08487701416015625,
      6270.5559730529785,
      0.5931854248046875,
      0.09489059448242188,
      0.10085105895996094,
      921.7863082885742,
      0.26488304138183594,
      0.08392333984375,
      0.08916854858398438,
      0.08177757263183594,
      0.09393692016601562,
      0.09226799011230469,
      0.087738037109375,
      17305.49120903015,
      0.6508827209472656,
      0.11420249938964844,
      1.1136531829833984,
      0.1621246337890625,
      0.08392333984375,
      0.07224082946777344,
      0.09298324584960938,
      613.8319969177246,
      9318.413972854614,
      0.1690387725830078,
      0.09584426879882812,
      351.86100006103516,
      0.4191398620605469,
      0.12493133544921875,
      9792.990922927856,
      1.9631385803222656,
      391.51787757873535,
      0.07605552673339844,
      0.030994415283203125,
      0.048160552978515625,
      1032.9537391662598,
      0.09608268737792969,
      0.164031982421875,
      511.7058753967285,
      12203.497171401978,
      0.4649162292480469,
      2.540111541748047,
      673.3489036560059,
      0.064849853515625,
      0.0362396240234375,
      9664.650917053223,
      192.3069953918457,
      0.3349781036376953,
      0.141143798828125,
      491.53995513916016,
      0.225067138671875,
      0.1068115234375,
      0.051021575927734375,
      9839.946031570435,
      2.679109573364258,
      0.03790855407714844,
      0.09894371032714844,
      456.57825469970703,
      0.19979476928710938,
      0.13113021850585938,
      0.10085105895996094,
      0.15306472778320312,
      4236.701965332031,
      3649.8029232025146,
      0.2601146697998047,
      0.10204315185546875,
      0.08177757263183594,
      0.10800361633300781,
      676.2292385101318,
      0.4398822784423828,
      36.93509101867676,
      0.19884109497070312,
      0.6730556488037109,
      10050.52900314331,
      0.8521080017089844,
      0.17976760864257812,
      949.6021270751953,
      0.6310939788818359,
      0.125885009765625,
      0.09202957153320312,
      0.08702278137207031,
      0.08487701416015625,
      5032.133102416992,
      0.16808509826660156,
      0.09393692016601562,
      0.08106231689453125,
      10113.33680152893,
      0.5900859832763672,
      0.13303756713867188,
      0.06103515625,
      0.03504753112792969,
      0.0247955322265625,
      999.2289543151855,
      0.07510185241699219,
      0.030040740966796875,
      0.03910064697265625,
      0.033855438232421875,
      10997.128009796143,
      255.85103034973145,
      0.1850128173828125,
      0.2799034118652344,
      0.08320808410644531,
      662.0728969573975,
      0.18978118896484375,
      0.9593963623046875,
      0.7376670837402344,
      0.26798248291015625,
      0.17905235290527344,
      0.03600120544433594,
      5282.421112060547,
      0.35881996154785156,
      0.03314018249511719,
      0.03409385681152344,
      0.025987625122070312,
      9924.067974090576,
      1.5430450439453125,
      0.13017654418945312,
      0.09274482727050781,
      0.09083747863769531,
      0.13518333435058594,
      766.2060260772705,
      0.07605552673339844,
      0.032901763916015625,
      0.028133392333984375,
      0.026702880859375,
      0.04029273986816406,
      10527.269840240479,
      10.93292236328125,
      0.5922317504882812,
      3.4618377685546875,
      3.935098648071289,
      10.375022888183594,
      8.963823318481445,
      721.4410305023193,
      1.0302066802978516,
      0.04482269287109375,
      1.1200904846191406,
      0.0400543212890625,
      11347.667932510376,
      0.3337860107421875,
      0.05316734313964844,
      0.028133392333984375,
      0.032901763916015625,
      512.3889446258545,
      0.1480579376220703,
      0.08702278137207031,
      10038.17105293274,
      7980.316877365112,
      2.850055694580078,
      0.18095970153808594,
      0.24700164794921875,
      819.0140724182129,
      0.27108192443847656,
      0.10085105895996094,
      0.09012222290039062,
      10241.163969039917,
      1.6338825225830078,
      0.2391338348388672,
      0.07581710815429688,
      0.0782012939453125,
      0.08392333984375,
      0.09083747863769531,
      548.6972332000732,
      0.19097328186035156,
      0.10013580322265625,
      30031.471729278564,
      3.086090087890625,
      0.07104873657226562,
      0.052928924560546875,
      0.03409385681152344,
      0.029802322387695312,
      0.03314018249511719,
      508.6939334869385,
      2.1750926971435547,
      1.0259151458740234,
      12582.574844360352,
      0.45108795166015625,
      5723.801136016846,
      0.07700920104980469,
      0.030994415283203125,
      671.8590259552002,
      0.2810955047607422,
      0.20194053649902344,
      6774.393796920776,
      3166.818141937256,
      0.15997886657714844,
      807.9957962036133,
      0.19025802612304688,
      0.09393692016601562,
      0.09489059448242188,
      0.10919570922851562,
      6223.573923110962,
      0.15807151794433594,
      0.09703636169433594,
      0.09179115295410156,
      533.5638523101807,
      0.15306472778320312,
      0.03409385681152344,
      0.03600120544433594,
      0.028133392333984375
    ],