{
  "bootstrap": {
    "success": true,
    "response_time_ms": 271.1367607116699,
    "symbols_received": [
      "nifty",
      "banknifty",
      "sensex",
      "finnifty"
    ],
    "error": null
  },
  "websocket": {
    "connected": true,
    "connection_time_ms": 171.04816436767578,
    "total_messages": 100,
    "events_by_type": {
      "snapshot": 1,
      "option_chain_ltp": 72,
      "ping": 19,
      "tick": 8
    },
    "symbols_seen": [
      "sensex",
      "nifty",
      "finnifty",
      "banknifty"
    ],
    "tick_intervals_ms": [
      2.8738975524902344,
      2.1219253540039062,
      0.080108642578125,
      0.051021575927734375,
      0.03981590270996094,
      0.07295608520507812,
      422779.25300598145
    ],
    "tick_intervals_by_symbol": {
      "banknifty": [
        5.126953125
      ],
      "nifty": [
        2.2928714752197266,
        422779.32596206665
      ],
      "finnifty": [
        0.16379356384277344
      ]
    },
    "option_chain_ltp_intervals_ms": [
      1606.7030429840088,
      2062.911033630371,
      1659.430980682373,
      1625.9911060333252,
      1199.7320652008057,
      759.2308521270752,
      1464.5130634307861,
      61980.43394088745,
      1575.3190517425537,
      1103.2209396362305,
      2313.76314163208,
      1465.3997421264648,
      1254.8363208770752,
      709.561824798584,
      865.3528690338135,
      61741.61410331726,
      1465.9242630004883,
      1304.431676864624,
      1471.5940952301025,
      1432.9462051391602,
      1579.2236328125,
      1083.55712890625,
      857.3541641235352,
      62069.23794746399,
      1536.3080501556396,
      1619.952917098999,
      1576.5669345855713,
      1636.5950107574463,
      1324.3508338928223,
      626.9900798797607,
      685.7349872589111,
      62148.87714385986,
      2052.85906791687,
      1256.314754486084,
      1958.2452774047852,
      1926.0039329528809,
      1474.066972732544,
      877.6330947875977,
      917.1817302703857,
      61903.59401702881,
      2217.5450325012207,
      2053.4331798553467,
      1553.7629127502441,
      1775.5610942840576,
      1254.5249462127686,
      686.431884765625,
      735.2702617645264,
      61631.74867630005,
      1681.9190979003906,
      1423.827886581421,
      1484.3780994415283,
      2842.910051345825,
      1487.2140884399414,
      741.0397529602051,
      818.2342052459717,
      61746.737003326416,
      1620.4478740692139,
      1302.612066268921,
      1480.6430339813232,
      1363.7208938598633,
      1256.403923034668,
      842.210054397583,
      776.4742374420166,
      62135.3600025177,
      1987.898826599121,
      1400.9132385253906,
      1424.6478080749512,
      1004.953145980835,
      1002.3908615112305,
      1455.9340476989746,
      841.0980701446533
    ],
    "pings_received": 19,
    "pongs_sent": 19,
    "errors": [],
    "disconnects": 1,
    "reconnects": 0,
    "reconnect_times_ms": [],
    "data_gaps_over_5s": 1,
    "close_codes": {
      "0": 1
    },
    "unexpected_closes": 0
  },
  "sse": {
    "connected": true,
    "connection_time_ms": 166.9776439666748,
    "total_messages": 144,
    "events_by_type": {
      "snapshot": 8,
      "heartbeat": 8,
      "indicator_update": 80,
      "candle_update": 16,
      "option_chain_update": 32
    },
    "symbols_seen": [
      "data",
      "market_state",
      "banknifty",
      "nifty",
      "finnifty",
      "sensex"
    ],
    "indicator_intervals_ms": [
      0.5960464477539062,
      0.07700920104980469,
      0.05602836608886719,
      0.05793571472167969,
      0.06008148193359375,
      0.04100799560546875,
      0.11181831359863281,
      59908.61415863037,
      15.49077033996582,
      0.2543926239013672,
      0.09179115295410156,
      0.052928924560546875,
      0.04410743713378906,
      0.03600120544433594,
      0.09107589721679688,
      59990.82684516907,
      0.4601478576660156,
      3.5028457641601562,
      4.325151443481445,
      0.05888938903808594,
      0.20694732666015625,
      1.3730525970458984,
      0.1049041748046875,
      59990.12613296509,
      5.992889404296875,
      3.5011768341064453,
      11.245965957641602,
      1.7428398132324219,
      0.08392333984375,
      0.03314018249511719,
      0.08797645568847656,
      59978.56616973877,
      6.390810012817383,
      17.855167388916016,
      0.186920166015625,
      0.09202957153320312,
      0.04792213439941406,
      7.482051849365234,
      0.6840229034423828,
      59971.389055252075,
      0.7188320159912109,
      11.232137680053711,
      0.1499652862548828,
      1.9659996032714844,
      0.2598762512207031,
      0.0591278076171875,
      0.08797645568847656,
      59983.675956726074,
      1.867055892944336,
      7.22503662109375,
      7.60197639465332,
      0.14591217041015625,
      0.05817413330078125,
      0.05698204040527344,
      0.09679794311523438,
      60051.6631603241,
      0.6649494171142578,
      0.07796287536621094,
      0.06794929504394531,
      0.0820159912109375,
      0.0591278076171875,
      0.04696846008300781,
      0.1220703125,
      59931.27489089966,
      14.356136322021484,
      0.1888275146484375,
      0.07295608520507812,
      0.24318695068359375,
      0.08082389831542969,
      0.04315376281738281,
      0.12278556823730469,
      59986.68122291565,
      8.006095886230469,
      9.814023971557617,
      3.1099319458007812,
      0.293731689453125,
      0.141143798828125,
      0.17881393432617188,
      0.03504753112792969
    ],
    "heartbeat_intervals_ms": [
      52599.17998313904,
      59998.18801879883,
      120041.60189628601,
      60056.09107017517,
      59913.17391395569,
      59998.74520301819,
      120000.9388923645
    ],
    "candle_update_intervals_ms": [
      38.58208656311035,
      79.54668998718262,
      103.75404357910156,
      68609.13825035095,
      71.77877426147461,
      204.04601097106934,
      0.5490779876708984,
      231010.38813591003,
      18.91779899597168,
      87.11719512939453,
      108.39700698852539,
      80091.1717414856,
      127.87508964538574,
      77.6979923248291,
      112.5481128692627
    ],
    "candle_updates_by_symbol": {
      "nifty": 4,
      "banknifty": 4,
      "sensex": 4,
      "finnifty": 4
    },
    "errors": [],
    "disconnects": 0,
    "reconnects": 0,
    "reconnect_times_ms": [],
    "indicator_gaps_over_90s": 0
  }
}